{"schemaVersion":"1.0","appDefinitionTemplate":{"id":"/providers/Microsoft.PowerApps/apps/","type":"Microsoft.PowerApps/apps","tags":{"primaryDeviceWidth":"640","primaryDeviceHeight":"1136","sienaVersion":"20210629T002907Z-3.21062.38.0","deviceCapabilities":"","supportsPortrait":"true","supportsLandscape":"true","primaryFormFactor":"Phone","publisherVersion":"3.21062.38","minimumRequiredApiVersion":"2.2.0","hasComponent":"true","hasUnlockedComponent":"true","isUnifiedRootApp":"false"},"properties":{"appVersion":"2021-06-29T00:29:07Z","lifeCycleId":"Published","createdByClientVersion":{"major":3,"minor":21062,"build":38,"revision":0,"majorRevision":0,"minorRevision":0},"minClientVersion":{"major":3,"minor":21062,"build":38,"revision":0,"majorRevision":0,"minorRevision":0},"backgroundColor":"rgba(50, 86, 160, 1)","backgroundImageUri":"/16605380351198761105/N829a05b6-4da5-4aca-9715-b86aa8a8a98c-logoSmallFile","displayName":"Event2","description":"","commitMessage":"Updated the Food and Drinks value","appUris":{"documentUri":{"value":"/16605380351198761105/N4597c5aa-7187-4854-a3cc-e5ad07c36775-document.msapp"},"imageUris":[]},"createdTime":"0001-01-01T00:00:00Z","lastModifiedTime":"0001-01-01T00:00:00Z","sharedGroupsCount":0,"sharedUsersCount":0,"icons":{"smallIconUri":"/16605380351198761105/N72b0df01-99c0-4b3d-8f31-b63897c87f36-small.png","mediumIconUri":"/16605380351198761105/N0b920ef8-6638-4362-a904-6b151fe9f105-medium.png","largeIconUri":"/16605380351198761105/N7d9e3dae-7e9c-45c6-be48-e867ca035180-large.png","wideIconUri":"/16605380351198761105/Nfc7f3e1a-426d-4170-b176-4ad38021f35c-wide.png"},"connectionReferences":{"0a9051eb-1e1a-4951-93ef-62cc35af1732":{"id":"8096483a-1386-4506-9344-f129e19b2022","displayName":"Excel","iconUri":"https://connectoricons-prod.azureedge.net/releases/v1.0.1482/1.0.1482.2463/excel/icon.png","dataSources":["Table2"],"dependencies":["8342928a-6c6b-4797-90c4-a2ac29736dd2"],"dependents":[],"parameterHints":{"8342928a-6c6b-4797-90c4-a2ac29736dd2":{"value":"fileSource"}},"isOnPremiseConnection":false,"bypassConsent":false,"dataSets":{"b!xKN8eM9p30-ZQt7aruN_gLl5myh231ZIn7UofYyHWhbQGmQmamDXTKgGKdyE09LX.01MRY6H3K3MVEXR63P2RDKC6DBMQUC45TB":{"dataSources":{"Table2":{"tableName":"Table2"}}}},"apiTier":"Standard","isCustomApiConnection":false},"8342928a-6c6b-4797-90c4-a2ac29736dd2":{"id":"9252c1b0-ea5c-41b6-9b32-e3ac3fc08aad","displayName":"OneDrive for Business","iconUri":"https://connectoricons-prod.azureedge.net/releases/v1.0.1473/1.0.1473.2431/onedriveforbusiness/icon.png","dataSources":[],"dependencies":[],"dependents":["0a9051eb-1e1a-4951-93ef-62cc35af1732"],"parameterHints":{},"isOnPremiseConnection":false,"bypassConsent":false,"dataSets":{},"apiTier":"Standard","isCustomApiConnection":false},"c7154c3b-3d54-4fd3-83a5-3698cacb5296":{"id":"a2171b72-f251-4e05-a32a-e3489e399cfc","displayName":"SharePoint","iconUri":"https://connectoricons-prod.azureedge.net/releases/v1.0.1472/1.0.1472.2427/sharepointonline/icon.png","dataSources":["Request","Order reciept"],"dependencies":[],"dependents":[],"parameterHints":{},"isOnPremiseConnection":false,"bypassConsent":false,"dataSets":{"https://cobybrains.sharepoint.com/sites/MyProjects":{"dataSources":{"Request":{"tableName":"4d39e9d8-8869-4f07-b635-85129294870f"},"Order reciept":{"tableName":"1f381bcd-01c9-4a26-9a72-f93759301a77"}}}},"apiTier":"Standard","isCustomApiConnection":false}},"databaseReferences":{},"almMode":"Environment","performanceOptimizationEnabled":true,"canConsumeAppPass":true,"executionRestrictions":{"isTeamsOnly":false,"dataLossPreventionEvaluationResult":{"status":"Compliant","lastEvaluationDate":"2021-06-25T20:33:55.6736722Z","violations":[],"violationsByPolicy":[],"violationErrorMessage":"The app uses the following connectors: shared_excel, shared_onedriveforbusiness."}}},"appType":"ClassicCanvasApp","appComponents":[]}}